county,unemployment,med_income
00000,3.7,"69,717"
01000,2.6,"53,990"
01001,2.3,"66,444"
01003,2.4,"65,658"
01005,4.1,"38,649"
01007,2.5,"48,454"
01009,2.2,"56,894"
01011,2.8,"32,027"
01013,3.4,"39,442"
01015,3.0,"48,166"
01017,2.6,"45,447"
01019,2.3,"46,365"
01021,2.3,"55,142"
01023,3.8,"40,601"
01025,5.0,"45,447"
01027,2.3,"47,036"
01029,2.4,"49,769"
01031,2.5,"55,052"
01033,3.0,"53,341"
01035,3.5,"35,621"
01037,2.5,"45,954"
01039,2.6,"44,188"
01041,2.6,"38,037"
01043,2.1,"55,036"
01045,2.6,"50,086"
01047,5.0,"33,159"
01049,2.3,"45,062"
01051,2.2,"63,147"
01053,3.1,"40,506"
01055,3.0,"46,308"
01057,2.7,"46,122"
01059,2.3,"45,440"
01061,2.4,"43,206"
01063,4.4,"30,225"
01065,3.9,"41,995"
01067,2.7,"56,389"
01069,2.6,"48,701"
01071,2.5,"46,998"
01073,2.6,"55,210"
01075,2.7,"44,265"
01077,2.6,"52,222"
01079,2.4,"55,555"
01081,2.4,"54,188"
01083,2.1,"69,207"
01085,5.2,"36,993"
01087,3.8,"35,354"
01089,2.1,"78,386"
01091,3.4,"42,048"
01093,2.5,"44,636"
01095,2.1,"50,858"
01097,3.2,"49,848"
01099,4.1,"40,997"
01101,3.1,"50,645"
01103,2.1,"56,340"
01105,5.3,"31,522"
01107,3.3,"43,926"
01109,2.7,"38,945"
01111,2.5,"45,889"
01113,2.6,"44,849"
01115,2.2,"63,015"
01117,1.8,"85,457"
01119,3.5,"29,490"
01121,3.1,"47,331"
01123,2.9,"47,444"
01125,2.5,"56,274"
01127,2.8,"46,343"
01129,3.6,"49,795"
01131,7.8,"30,071"
01133,2.4,"47,176"
02000,4.0,"78,437"
02013,2.0,"71,492"
02016,3.1,"86,050"
02020,3.3,"86,152"
02050,8.8,"54,849"
02060,4.3,"88,516"
02063,2.9,"88,029"
02066,9.3,"61,288"
02068,6.3,"85,251"
02070,5.6,"58,389"
02090,3.7,"76,754"
02100,6.6,"63,155"
02105,5.6,"56,555"
02110,2.8,"89,922"
02122,4.5,"71,111"
02130,3.8,"73,260"
02150,4.3,"80,863"
02158,12.9,"38,203"
02164,5.8,"51,205"
02170,4.6,"80,164"
02180,6.9,"65,578"
02185,5.0,"95,041"
02188,9.0,"67,586"
02195,5.8,"71,878"
02198,5.5,"56,226"
02201,,
02220,2.8,"78,248"
02230,6.7,"65,712"
02232,,
02240,5.2,"68,347"
02261,,
02275,5.1,"64,732"
02280,,
02282,5.1,"73,014"
02290,7.9,"44,934"
04000,3.8,"68,967"
04001,7.7,"41,002"
04003,4.4,"55,748"
04005,4.3,"63,829"
04007,4.2,"52,665"
04009,3.6,"52,644"
04011,2.9,"71,669"
04012,4.7,"44,330"
04013,3.3,"76,230"
04015,4.5,"48,169"
04017,5.2,"49,057"
04019,3.8,"60,604"
04021,3.9,"70,835"
04023,7.5,"49,216"
04025,3.5,"57,676"
04027,12.5,"55,991"
05000,3.3,"52,577"
05001,3.3,"50,928"
05003,5.5,"44,030"
05005,3.6,"45,116"
05007,2.4,"78,974"
05009,2.9,"48,700"
05011,5.0,"40,454"
05013,3.1,"49,977"
05015,2.9,"49,225"
05017,6.2,"34,857"
05019,4.5,"47,158"
05021,4.0,"41,419"
05023,4.2,"50,200"
05025,3.9,"53,705"
05027,4.4,"44,651"
05029,3.7,"47,741"
05031,2.8,"52,490"
05033,3.2,"54,065"
05035,4.0,"43,821"
05037,3.7,"45,262"
05039,4.0,"42,442"
05041,5.3,"39,042"
05043,4.4,"46,572"
05045,2.9,"57,573"
05047,3.3,"47,834"
05049,3.4,"41,557"
05051,3.8,"48,053"
05053,3.1,"67,088"
05055,3.3,"53,920"
05057,3.3,"41,281"
05059,3.5,"51,662"
05061,3.3,"42,733"
05063,3.4,"48,957"
05065,5.2,"40,788"
05067,5.0,"37,815"
05069,5.2,"46,100"
05071,4.1,"43,003"
05073,4.8,"38,777"
05075,3.6,"44,661"
05077,4.6,"29,714"
05079,4.5,"45,435"
05081,3.9,"46,619"
05083,3.8,"45,558"
05085,2.8,"64,633"
05087,2.5,"49,691"
05089,3.7,"42,892"
05091,3.9,"45,450"
05093,5.2,"41,007"
05095,4.4,"37,113"
05097,4.8,"41,359"
05099,3.9,"40,283"
05101,3.0,"41,823"
05103,3.9,"47,169"
05105,3.6,"51,204"
05107,6.3,"32,419"
05109,3.7,"43,710"
05111,3.4,"42,639"
05113,3.7,"43,166"
05115,3.9,"47,049"
05117,3.0,"59,367"
05119,3.5,"53,597"
05121,3.4,"43,484"
05123,4.9,"36,781"
05125,2.8,"68,107"
05127,2.8,"39,974"
05129,4.5,"35,422"
05131,3.1,"49,170"
05133,3.9,"46,651"
05135,4.1,"39,183"
05137,4.2,"37,782"
05139,4.8,"47,315"
05141,4.3,"39,629"
05143,2.3,"64,218"
05145,3.5,"51,660"
05147,3.5,"37,331"
05149,3.8,"48,526"
06000,4.2,"84,831"
06001,3.3,"108,971"
06003,5.4,"87,570"
06005,4.4,"68,159"
06007,4.5,"62,982"
06009,3.6,"68,298"
06011,11.6,"60,725"
06013,3.5,"110,595"
06015,5.1,"48,108"
06017,3.4,"87,689"
06019,6.4,"63,140"
06021,5.3,"56,741"
06023,4.0,"53,924"
06025,14.7,"50,970"
06027,3.7,"62,381"
06029,6.9,"57,926"
06031,7.0,"60,810"
06033,5.0,"55,801"
06035,4.5,"56,923"
06037,4.9,"77,356"
06039,6.1,"60,241"
06041,2.7,"118,472"
06043,4.5,"60,377"
06045,4.1,"57,516"
06047,7.7,"54,703"
06049,5.5,"49,273"
06051,3.7,"70,945"
06053,5.9,"81,404"
06055,3.2,"94,127"
06057,3.4,"77,220"
06059,3.2,"100,210"
06061,3.1,"103,588"
06063,6.5,"58,154"
06065,4.2,"78,690"
06067,3.9,"79,611"
06069,5.0,"95,187"
06071,4.1,"74,218"
06073,3.4,"90,756"
06075,2.5,"119,776"
06077,5.2,"79,598"
06079,3.0,"79,688"
06081,2.4,"131,151"
06083,3.5,"83,185"
06085,2.6,"141,161"
06087,4.8,"90,370"
06089,4.6,"60,187"
06091,4.2,"60,659"
06093,5.7,"50,069"
06095,4.2,"87,348"
06097,3.1,"92,999"
06099,5.4,"73,151"
06101,6.6,"63,246"
06103,4.8,"53,654"
06105,4.6,"45,508"
06107,8.2,"57,398"
06109,4.5,"61,396"
06111,3.7,"95,819"
06113,4.0,"76,247"
06115,5.5,"60,764"
08000,3.0,"82,228"
08001,3.4,"80,831"
08003,3.6,"51,009"
08005,3.1,"84,308"
08007,3.2,"68,025"
08009,1.7,"44,257"
08011,3.6,"37,185"
08013,2.5,"90,327"
08014,2.6,"106,413"
08015,2.7,"65,987"
08017,1.9,"58,544"
08019,2.9,"78,312"
08021,3.2,"45,931"
08023,4.1,"35,416"
08025,3.8,"38,049"
08027,2.9,"63,505"
08029,3.6,"52,403"
08031,3.1,"81,262"
08033,3.0,"55,157"
08035,2.5,"129,839"
08037,2.6,"94,928"
08039,2.4,"114,853"
08041,3.3,"79,094"
08043,4.7,"51,732"
08045,3.0,"78,940"
08047,2.7,"82,370"
08049,2.7,"78,779"
08051,2.5,"63,872"
08053,2.5,"66,213"
08055,6.1,"46,798"
08057,2.1,"55,535"
08059,2.8,"94,401"
08061,1.8,"61,430"
08063,1.9,"56,272"
08065,2.6,"64,416"
08067,3.0,"74,774"
08069,2.7,"78,681"
08071,4.6,"42,708"
08073,2.9,"51,975"
08075,2.8,"53,234"
08077,3.4,"63,531"
08079,2.8,"62,213"
08081,3.2,"64,133"
08083,3.8,"53,337"
08085,3.4,"56,686"
08087,3.2,"61,849"
08089,4.2,"45,658"
08091,3.1,"80,686"
08093,2.6,"84,361"
08095,2.1,"56,577"
08097,3.3,"96,316"
08099,2.8,"48,337"
08101,4.4,"56,311"
08103,3.7,"65,334"
08105,4.2,"52,353"
08107,2.5,"93,776"
08109,3.4,"43,366"
08111,2.6,"54,146"
08113,3.1,"79,742"
08115,2.6,"45,645"
08117,2.2,"90,297"
08119,3.0,"76,715"
08121,2.3,"57,522"
08123,3.2,"84,826"
08125,2.0,"56,161"
09000,4.2,"83,628"
09001,4.1,"100,703"
09003,4.3,"79,958"
09005,3.9,"84,689"
09007,3.6,"94,735"
09009,4.3,"75,094"
09011,4.2,"78,552"
09013,3.8,"86,430"
09015,4.3,"71,581"
10000,4.5,"71,636"
10001,5.2,"64,670"
10003,4.4,"74,088"
10005,4.4,"70,500"
11000,4.7,"91,072"
11001,4.7,"91,072"
12000,2.9,"63,054"
12001,2.8,"56,006"
12003,2.8,"60,994"
12005,2.7,"60,106"
12007,3.1,"54,911"
12009,2.8,"65,280"
12011,2.9,"65,536"
12013,3.3,"43,210"
12015,3.4,"59,547"
12017,4.1,"48,237"
12019,2.6,"76,711"
12021,2.8,"75,799"
12023,3.2,"52,035"
12027,3.3,"43,256"
12029,3.3,"39,029"
12031,3.0,"60,121"
12033,3.0,"54,492"
12035,3.4,"65,783"
12037,2.8,"44,684"
12039,3.8,"45,678"
12041,3.0,"52,168"
12043,3.2,"46,389"
12045,2.7,"51,684"
12047,4.0,"39,522"
12049,3.9,"45,964"
12051,4.7,"48,841"
12053,3.6,"56,443"
12055,4.2,"47,820"
12057,2.8,"65,818"
12059,3.1,"44,139"
12061,3.4,"61,351"
12063,3.2,"42,721"
12065,3.2,"56,130"
12067,3.1,"45,732"
12069,3.0,"64,662"
12071,3.1,"66,426"
12073,3.0,"57,246"
12075,3.5,"45,494"
12077,3.2,"48,271"
12079,3.3,"43,444"
12081,2.9,"67,929"
12083,3.4,"54,555"
12085,2.7,"67,059"
12086,2.6,"58,905"
12087,1.9,"68,975"
12089,2.5,"78,069"
12091,2.4,"69,053"
12093,3.1,"47,642"
12095,2.9,"64,579"
12097,3.4,"60,495"
12099,2.9,"70,024"
12101,3.0,"59,555"
12103,2.6,"61,851"
12105,3.5,"56,344"
12107,4.1,"38,759"
12109,2.3,"94,662"
12111,3.4,"62,378"
12113,2.7,"80,837"
12115,2.9,"71,630"
12117,2.7,"70,470"
12119,4.1,"69,707"
12121,3.2,"46,284"
12123,3.3,"47,083"
12125,2.9,"48,667"
12127,3.1,"58,246"
12129,2.5,"71,962"
12131,2.6,"64,779"
12133,3.2,"47,930"
13000,3.0,"66,507"
13001,3.6,"46,530"
13003,2.7,"40,303"
13005,2.9,"43,154"
13007,4.0,"44,106"
13009,4.0,"44,685"
13011,2.2,"60,485"
13013,2.5,"67,646"
13015,2.9,"67,604"
13017,4.3,"39,863"
13019,3.2,"46,404"
13021,3.7,"47,859"
13023,4.3,"51,770"
13025,3.5,"48,076"
13027,3.1,"40,936"
13029,2.6,"87,334"
13031,3.4,"53,105"
13033,5.2,"46,977"
13035,2.8,"61,471"
13037,3.2,"38,232"
13039,3.0,"63,482"
13043,2.4,"41,593"
13045,3.1,"59,894"
13047,2.7,"64,245"
13049,3.1,"47,229"
13051,3.0,"61,527"
13053,4.6,"53,786"
13055,4.2,"42,974"
13057,2.4,"96,997"
13059,3.3,"49,145"
13061,6.7,"35,957"
13063,3.9,"51,422"
13065,2.8,"44,799"
13067,2.6,"87,532"
13069,3.5,"36,708"
13071,2.8,"44,485"
13073,2.8,"87,281"
13075,3.1,"44,995"
13077,2.7,"85,182"
13079,3.1,"54,442"
13081,4.2,"41,505"
13083,2.6,"64,054"
13085,2.5,"76,903"
13087,3.2,"42,960"
13089,3.1,"70,756"
13091,3.7,"40,856"
13093,4.0,"43,270"
13095,4.3,"41,985"
13097,3.2,"66,162"
13099,3.6,"38,817"
13101,2.5,"42,241"
13103,2.6,"76,626"
13105,3.7,"42,866"
13107,4.1,"45,252"
13109,2.9,"41,847"
13111,2.7,"54,446"
13113,2.6,"92,319"
13115,3.1,"59,685"
13117,2.3,"120,919"
13119,3.2,"48,045"
13121,3.2,"82,820"
13123,3.1,"57,970"
13125,3.0,"49,175"
13127,2.9,"60,685"
13129,2.8,"56,053"
13131,3.0,"42,171"
13133,3.2,"65,261"
13135,2.7,"75,021"
13137,3.1,"55,987"
13139,2.4,"68,057"
13141,4.9,"35,830"
13143,3.0,"62,472"
13145,2.7,"80,911"
13147,3.0,"59,149"
13149,3.0,"50,379"
13151,3.2,"76,577"
13153,3.1,"71,609"
13155,4.0,"44,540"
13157,2.0,"72,486"
13159,2.6,"61,354"
13161,3.6,"42,192"
13163,4.0,"42,461"
13165,4.2,"38,497"
13167,2.9,"37,703"
13169,2.9,"61,509"
13171,3.3,"55,933"
13173,3.4,"47,789"
13175,3.8,"47,905"
13177,2.9,"76,546"
13179,3.3,"50,696"
13181,3.5,"50,080"
13183,3.1,"55,601"
13185,3.3,"46,565"
13187,2.4,"64,077"
13189,4.4,"44,597"
13191,3.1,"47,651"
13193,4.2,"35,660"
13195,2.9,"56,526"
13197,3.5,"39,717"
13199,3.8,"46,799"
13201,2.6,"44,814"
13205,4.0,"42,539"
13207,2.8,"65,697"
13209,3.8,"47,618"
13211,2.7,"67,187"
13213,4.0,"53,297"
13215,4.1,"52,090"
13217,3.4,"71,366"
13219,2.3,"112,581"
13221,2.7,"57,215"
13223,2.6,"89,632"
13225,3.8,"54,921"
13227,2.6,"72,539"
13229,2.7,"51,688"
13231,2.7,"75,668"
13233,3.1,"49,061"
13235,3.3,"45,594"
13237,3.5,"55,826"
13239,4.9,"38,357"
13241,2.9,"58,463"
13243,4.4,"34,883"
13245,4.2,"47,816"
13247,3.5,"65,746"
13249,3.7,"53,369"
13251,4.3,"45,061"
13253,3.5,"41,917"
13255,3.3,"52,902"
13257,3.6,"47,909"
13259,3.6,"37,318"
13261,4.1,"39,008"
13263,3.7,"42,646"
13265,4.3,"40,045"
13267,3.0,"44,225"
13269,5.0,"41,030"
13271,5.7,"38,091"
13273,4.5,"40,549"
13275,3.5,"50,154"
13277,2.8,"48,717"
13279,3.8,"45,253"
13281,4.1,"51,810"
13283,3.9,"40,947"
13285,3.0,"49,557"
13287,4.1,"37,477"
13289,4.6,"47,382"
13291,2.6,"59,494"
13293,3.2,"47,140"
13295,3.0,"47,810"
13297,2.8,"73,839"
13299,3.0,"43,065"
13301,3.8,"40,361"
13303,3.9,"46,051"
13305,3.1,"46,314"
13307,3.7,"44,084"
13309,5.0,"35,664"
13311,2.4,"61,473"
13313,3.8,"56,973"
13315,3.7,"38,449"
13317,4.1,"42,567"
13319,3.3,"46,475"
13321,3.1,"48,943"
15000,3.5,"85,547"
15001,3.6,"67,896"
15003,3.5,"90,176"
15007,3.6,"76,719"
15009,3.5,"75,421"
16000,2.7,"66,318"
16001,2.3,"79,345"
16003,5.3,"51,829"
16005,2.7,"60,058"
16007,2.6,"60,265"
16009,4.2,"53,667"
16011,2.6,"63,576"
16013,2.5,"86,735"
16015,3.8,"71,545"
16017,3.6,"61,940"
16019,2.3,"69,880"
16021,3.8,"55,285"
16023,3.0,"52,221"
16025,2.8,"57,230"
16027,2.9,"64,301"
16029,2.8,"66,697"
16031,2.2,"63,356"
16033,3.6,"52,838"
16035,5.1,"53,344"
16037,3.2,"53,846"
16039,2.9,"51,436"
16041,2.2,"59,974"
16043,2.5,"58,878"
16045,2.9,"58,562"
16047,2.4,"59,174"
16049,3.8,"51,056"
16051,2.2,"75,957"
16053,2.5,"59,040"
16055,3.2,"68,043"
16057,2.5,"59,436"
16059,3.7,"57,499"
16061,3.9,"50,128"
16063,3.4,"57,111"
16065,1.8,"55,721"
16067,2.4,"61,010"
16069,2.6,"61,951"
16071,2.5,"60,769"
16073,3.2,"52,374"
16075,3.0,"58,885"
16077,2.8,"57,322"
16079,4.6,"47,699"
16081,2.1,"84,015"
16083,2.6,"57,487"
16085,3.7,"69,425"
16087,3.3,"51,067"
17000,4.6,"72,215"
17001,3.3,"59,777"
17003,6.3,"41,816"
17005,3.8,"57,287"
17007,6.4,"71,557"
17009,2.2,"51,294"
17011,4.4,"61,431"
17013,4.0,"63,586"
17015,3.8,"54,450"
17017,4.2,"60,961"
17019,3.8,"58,787"
17021,4.6,"52,500"
17023,4.2,"58,741"
17025,4.7,"51,042"
17027,3.0,"77,272"
17029,4.2,"47,693"
17031,5.0,"72,063"
17033,4.1,"59,128"
17035,3.4,"69,740"
17037,4.2,"67,081"
17039,4.0,"64,325"
17041,3.3,"65,447"
17043,3.6,"99,536"
17045,3.4,"56,772"
17047,4.4,"53,779"
17049,3.0,"69,988"
17051,4.3,"52,610"
17053,4.0,"57,483"
17055,5.2,"49,510"
17057,4.8,"50,978"
17059,5.0,"48,424"
17061,4.1,"53,394"
17063,4.9,"83,254"
17065,3.4,"55,409"
17067,3.9,"56,700"
17069,5.1,"47,144"
17071,4.0,"59,415"
17073,4.2,"62,683"
17075,4.5,"60,736"
17077,4.2,"43,334"
17079,3.7,"59,069"
17081,4.6,"53,294"
17083,3.5,"68,675"
17085,3.7,"67,839"
17087,5.4,"57,073"
17089,4.5,"90,941"
17091,5.3,"63,880"
17093,4.0,"100,483"
17095,5.2,"47,559"
17097,4.2,"95,895"
17099,4.9,"64,447"
17101,5.6,"46,525"
17103,4.0,"60,542"
17105,4.0,"61,569"
17107,4.2,"58,939"
17109,4.1,"53,024"
17111,4.0,"92,522"
17113,3.5,"71,309"
17115,5.5,"48,245"
17117,3.7,"57,755"
17119,3.7,"65,886"
17121,4.6,"55,292"
17123,4.6,"64,132"
17125,4.5,"58,828"
17127,4.8,"52,680"
17129,3.6,"75,687"
17131,4.1,"64,731"
17133,2.8,"93,054"
17135,4.6,"59,116"
17137,4.0,"54,644"
17139,3.2,"69,652"
17141,4.8,"74,472"
17143,5.0,"56,460"
17145,4.9,"53,071"
17147,3.4,"81,583"
17149,4.2,"54,474"
17151,4.5,"50,404"
17153,6.9,"42,738"
17155,4.7,"74,798"
17157,3.6,"58,694"
17159,3.7,"56,852"
17161,4.3,"58,171"
17163,4.3,"66,422"
17165,5.0,"50,914"
17167,4.1,"68,476"
17169,4.1,"57,839"
17171,4.8,"63,510"
17173,4.1,"55,725"
17175,4.9,"58,265"
17177,4.5,"56,263"
17179,4.1,"65,427"
17181,5.1,"52,384"
17183,5.0,"49,825"
17185,3.3,"56,183"
17187,3.9,"61,734"
17189,2.4,"66,746"
17191,3.9,"51,669"
17193,3.9,"50,653"
17195,4.0,"56,805"
17197,4.6,"93,994"
17199,4.3,"55,447"
17201,5.8,"57,113"
17203,3.4,"85,085"
18000,3.0,"62,723"
18001,2.2,"62,282"
18003,2.9,"62,680"
18005,2.4,"72,458"
18007,2.4,"60,738"
18009,3.5,"47,553"
18011,2.0,"98,047"
18013,3.3,"66,839"
18015,2.9,"57,019"
18017,3.2,"53,813"
18019,2.7,"62,822"
18021,3.3,"64,245"
18023,2.5,"60,609"
18025,3.5,"52,031"
18027,2.3,"59,888"
18029,2.6,"73,150"
18031,2.6,"64,871"
18033,2.6,"65,059"
18035,3.5,"50,533"
18037,2.2,"67,615"
18039,2.5,"62,233"
18041,4.4,"50,642"
18043,2.5,"67,330"
18045,2.8,"55,195"
18047,2.7,"61,261"
18049,3.0,"57,400"
18051,2.2,"60,592"
18053,3.3,"50,248"
18055,3.8,"55,504"
18057,2.1,"108,203"
18059,2.6,"80,326"
18061,2.5,"66,989"
18063,2.4,"90,298"
18065,3.2,"52,994"
18067,5.0,"56,268"
18069,2.6,"55,546"
18071,2.7,"61,943"
18073,3.3,"74,336"
18075,2.7,"52,315"
18077,2.8,"59,333"
18079,3.3,"61,964"
18081,2.4,"79,914"
18083,2.7,"56,564"
18085,2.5,"66,525"
18087,2.2,"80,335"
18089,4.6,"61,468"
18091,3.7,"62,620"
18093,3.3,"52,557"
18095,3.3,"54,026"
18097,3.2,"58,737"
18099,2.6,"68,799"
18101,2.7,"61,520"
18103,4.1,"56,867"
18105,2.8,"53,166"
18107,2.5,"57,997"
18109,2.8,"69,203"
18111,3.6,"61,336"
18113,2.8,"65,979"
18115,2.2,"64,947"
18117,3.4,"52,910"
18119,3.2,"57,716"
18121,3.0,"55,683"
18123,3.1,"58,097"
18125,3.2,"52,093"
18127,3.3,"80,878"
18129,2.4,"74,102"
18131,2.6,"58,239"
18133,3.1,"61,223"
18135,3.0,"50,809"
18137,3.0,"65,893"
18139,2.5,"60,486"
18141,3.4,"59,325"
18143,3.4,"54,747"
18145,2.5,"64,528"
18147,2.6,"62,311"
18149,3.8,"57,994"
18151,2.2,"65,407"
18153,3.8,"47,606"
18155,2.8,"57,362"
18157,2.8,"55,192"
18159,2.8,"67,866"
18161,2.4,"65,572"
18163,3.0,"53,795"
18165,3.6,"53,540"
18167,3.5,"48,421"
18169,2.7,"62,193"
18171,2.6,"63,154"
18173,2.6,"83,005"
18175,2.7,"57,348"
18177,3.1,"50,569"
18179,2.3,"66,102"
18181,2.5,"62,151"
18183,2.4,"64,146"
19000,2.7,"65,645"
19001,2.1,"60,847"
19003,2.0,"54,403"
19005,3.8,"60,717"
19007,2.9,"51,222"
19009,2.3,"69,484"
19011,3.0,"78,155"
19013,2.9,"60,716"
19015,2.3,"69,888"
19017,2.3,"75,395"
19019,2.8,"64,503"
19021,2.3,"60,576"
19023,2.8,"65,284"
19025,2.5,"59,643"
19027,2.0,"65,598"
19029,2.5,"55,909"
19031,2.6,"75,894"
19033,2.8,"55,465"
19035,2.3,"64,286"
19037,2.5,"67,667"
19039,2.9,"58,483"
19041,2.7,"60,162"
19043,3.8,"56,076"
19045,3.5,"60,528"
19047,4.0,"58,874"
19049,2.0,"94,467"
19051,2.4,"75,730"
19053,2.5,"48,666"
19055,2.3,"69,767"
19057,4.2,"53,917"
19059,2.8,"67,949"
19061,2.8,"73,968"
19063,2.9,"52,000"
19065,3.1,"56,366"
19067,2.9,"59,638"
19069,2.5,"60,269"
19071,2.4,"68,622"
19073,2.0,"57,737"
19075,2.5,"71,652"
19077,2.8,"66,112"
19079,2.8,"64,292"
19081,2.3,"61,544"
19083,3.0,"58,126"
19085,2.7,"67,433"
19087,2.9,"61,112"
19089,3.1,"58,857"
19091,2.4,"69,252"
19093,2.2,"58,792"
19095,2.5,"66,613"
19097,3.2,"61,307"
19099,3.0,"65,714"
19101,2.5,"52,763"
19103,2.3,"68,664"
19105,3.2,"62,810"
19107,3.0,"56,843"
19109,2.3,"62,571"
19111,4.4,"56,001"
19113,3.1,"70,464"
19115,3.1,"64,151"
19117,2.1,"64,796"
19119,1.8,"70,654"
19121,3.1,"82,730"
19123,2.4,"62,776"
19125,2.1,"69,307"
19127,5.3,"63,541"
19129,2.3,"76,917"
19131,2.0,"61,719"
19133,2.9,"56,394"
19135,2.8,"62,014"
19137,2.5,"53,399"
19139,3.0,"63,519"
19141,2.1,"62,959"
19143,1.8,"62,624"
19145,2.4,"55,317"
19147,2.5,"57,866"
19149,2.1,"74,002"
19151,2.1,"59,634"
19153,2.7,"73,276"
19155,2.8,"66,144"
19157,2.7,"60,542"
19159,2.3,"52,849"
19161,2.4,"66,007"
19163,3.2,"66,443"
19165,2.2,"64,534"
19167,1.9,"84,283"
19169,2.0,"65,137"
19171,3.3,"61,660"
19173,2.0,"54,458"
19175,2.7,"55,698"
19177,2.8,"53,210"
19179,3.2,"55,297"
19181,2.4,"85,704"
19183,2.6,"65,761"
19185,2.5,"53,282"
19187,3.0,"55,183"
19189,2.7,"59,949"
19191,3.1,"70,482"
19193,2.7,"60,110"
19195,2.7,"64,965"
19197,2.6,"61,072"
20000,2.7,"64,128"
20001,2.9,"50,794"
20003,2.3,"57,068"
20005,3.5,"57,445"
20007,2.1,"56,344"
20009,2.6,"54,236"
20011,3.5,"51,355"
20013,2.4,"52,446"
20015,2.8,"71,826"
20017,2.2,"57,415"
20019,2.8,"46,986"
20021,2.6,"51,353"
20023,2.4,"49,281"
20025,2.0,"58,699"
20027,2.6,"59,343"
20029,2.7,"50,176"
20031,3.5,"64,991"
20033,2.2,"51,548"
20035,3.0,"51,699"
20037,2.9,"47,718"
20039,2.9,"49,062"
20041,2.8,"60,693"
20043,2.6,"59,400"
20045,2.6,"59,763"
20047,2.3,"40,896"
20049,2.7,"45,405"
20051,2.0,"58,846"
20053,2.3,"59,368"
20055,2.1,"62,157"
20057,2.1,"67,105"
20059,2.4,"64,136"
20061,3.8,"54,104"
20063,2.1,"58,442"
20065,2.4,"49,884"
20067,2.9,"64,425"
20069,2.0,"69,219"
20071,1.5,"65,448"
20073,2.4,"50,157"
20075,1.7,"61,066"
20077,2.1,"49,103"
20079,2.5,"65,989"
20081,1.9,"66,245"
20083,2.0,"65,042"
20085,2.3,"54,623"
20087,2.7,"73,702"
20089,2.6,"52,362"
20091,2.3,"93,220"
20093,1.9,"76,518"
20095,2.4,"58,917"
20097,2.2,"55,600"
20099,3.0,"49,185"
20101,2.9,"61,506"
20103,2.9,"81,325"
20105,2.4,"53,199"
20107,3.9,"57,104"
20109,1.9,"61,365"
20111,2.5,"51,420"
20113,1.9,"64,853"
20115,2.4,"56,983"
20117,2.0,"55,737"
20119,1.9,"68,909"
20121,2.6,"77,550"
20123,2.0,"59,001"
20125,3.1,"49,251"
20127,2.3,"53,808"
20129,2.7,"57,476"
20131,1.8,"68,755"
20133,3.6,"51,056"
20135,2.2,"57,269"
20137,1.9,"52,131"
20139,2.8,"63,166"
20141,2.0,"52,866"
20143,2.5,"58,366"
20145,2.4,"54,004"
20147,2.2,"54,720"
20149,2.4,"78,296"
20151,2.1,"58,506"
20153,1.8,"49,823"
20155,2.8,"52,121"
20157,2.1,"50,131"
20159,2.3,"58,384"
20161,2.7,"57,144"
20163,2.6,"51,957"
20165,2.2,"53,110"
20167,2.3,"48,071"
20169,2.4,"57,643"
20171,1.8,"66,233"
20173,3.1,"60,540"
20175,2.6,"61,897"
20177,2.7,"56,625"
20179,1.9,"58,786"
20181,2.3,"54,207"
20183,2.0,"49,756"
20185,2.4,"52,542"
20187,1.9,"65,457"
20189,2.0,"64,368"
20191,3.0,"58,342"
20193,1.9,"61,169"
20195,2.4,"56,619"
20197,2.5,"72,031"
20199,2.0,"59,241"
20201,2.0,"55,590"
20203,2.0,"58,549"
20205,3.1,"46,829"
20207,3.5,"41,706"
20209,3.5,"54,943"
21000,3.9,"55,532"
21001,4.5,"42,112"
21003,3.8,"51,485"
21005,3.2,"67,773"
21007,4.8,"53,491"
21009,4.1,"49,245"
21011,5.2,"43,410"
21013,5.0,"31,033"
21015,3.1,"85,284"
21017,3.5,"58,304"
21019,5.1,"48,979"
21021,3.9,"52,940"
21023,4.3,"55,347"
21025,7.3,"33,005"
21027,4.6,"50,012"
21029,4.0,"68,630"
21031,4.1,"49,288"
21033,3.4,"46,240"
21035,4.0,"49,263"
21037,3.3,"71,245"
21039,3.7,"56,804"
21041,3.1,"49,814"
21043,7.0,"43,538"
21045,3.7,"38,320"
21047,4.8,"48,416"
21049,3.6,"60,774"
21051,5.6,"30,700"
21053,4.8,"36,865"
21055,4.1,"46,263"
21057,3.2,"39,511"
21059,3.9,"59,304"
21061,4.8,"47,734"
21063,8.0,"34,491"
21065,4.8,"41,843"
21067,3.1,"61,269"
21069,4.4,"50,025"
21071,5.8,"36,253"
21073,3.4,"60,517"
21075,4.5,"35,630"
21077,3.6,"57,345"
21079,3.8,"54,882"
21081,3.7,"61,078"
21083,4.5,"49,668"
21085,4.6,"45,695"
21087,3.7,"42,569"
21089,5.8,"54,292"
21091,4.2,"60,897"
21093,4.1,"61,224"
21095,6.3,"31,116"
21097,3.3,"58,535"
21099,3.9,"50,074"
21101,3.8,"56,142"
21103,3.6,"56,593"
21105,4.3,"49,328"
21107,4.4,"49,883"
21109,5.6,"36,997"
21111,3.8,"60,636"
21113,3.2,"61,652"
21115,5.9,"41,013"
21117,3.3,"70,693"
21119,6.1,"34,051"
21121,5.3,"32,646"
21123,4.4,"54,470"
21125,4.2,"48,950"
21127,5.3,"42,750"
21129,5.4,"29,143"
21131,6.6,"32,682"
21133,6.1,"34,897"
21135,7.2,"40,508"
21137,4.7,"44,399"
21139,4.8,"48,371"
21141,3.5,"53,519"
21143,4.2,"56,445"
21145,4.0,"60,504"
21147,5.2,"32,938"
21149,4.4,"53,102"
21151,3.6,"54,498"
21153,10.5,"34,423"
21155,3.3,"51,523"
21157,4.1,"57,802"
21159,7.3,"29,387"
21161,4.8,"49,924"
21163,4.4,"58,839"
21165,5.6,"38,928"
21167,3.7,"53,336"
21169,4.5,"42,755"
21171,3.3,"41,638"
21173,4.5,"51,831"
21175,5.3,"47,131"
21177,5.7,"45,883"
21179,3.8,"62,036"
21181,4.1,"46,547"
21183,4.9,"55,432"
21185,3.3,"109,181"
21187,3.4,"55,321"
21189,6.9,"29,365"
21191,3.5,"56,036"
21193,5.0,"36,528"
21195,5.2,"38,066"
21197,4.1,"40,116"
21199,4.5,"45,532"
21201,5.0,"51,177"
21203,4.6,"43,378"
21205,4.6,"52,451"
21207,4.9,"40,454"
21209,3.0,"71,961"
21211,3.4,"72,524"
21213,3.4,"58,531"
21215,3.9,"91,160"
21217,3.7,"50,258"
21219,3.2,"51,189"
21221,4.5,"52,511"
21223,4.3,"62,902"
21225,4.3,"50,862"
21227,3.6,"59,223"
21229,3.4,"64,733"
21231,5.0,"38,651"
21233,3.9,"52,575"
21235,4.4,"37,530"
21237,5.6,"34,749"
21239,3.0,"76,942"
22000,3.7,"52,090"
22001,3.7,"44,648"
22003,4.2,"43,192"
22005,3.0,"75,498"
22007,4.6,"42,404"
22009,4.2,"38,567"
22011,3.4,"59,550"
22013,4.2,"38,093"
22015,3.0,"61,225"
22017,4.1,"44,968"
22019,3.5,"57,667"
22021,3.8,"39,079"
22023,2.8,"62,457"
22025,4.1,"38,006"
22027,3.8,"36,115"
22029,4.6,"36,821"
22031,3.8,"48,007"
22033,3.5,"51,746"
22035,7.9,"30,288"
22037,3.2,"51,296"
22039,4.1,"37,707"
22041,4.8,"38,439"
22043,3.5,"50,979"
22045,4.2,"47,391"
22047,4.4,"47,942"
22049,3.2,"45,481"
22051,3.6,"56,080"
22053,3.5,"48,709"
22055,3.2,"59,062"
22057,3.4,"58,740"
22059,2.6,"47,205"
22061,3.5,"40,384"
22063,2.8,"71,605"
22065,5.0,"33,619"
22067,5.2,"36,998"
22069,3.9,"43,381"
22071,4.5,"46,188"
22073,3.6,"47,737"
22075,3.2,"68,765"
22077,3.9,"51,988"
22079,3.2,"47,316"
22081,3.3,"40,724"
22083,4.1,"39,804"
22085,3.3,"44,952"
22087,4.0,"46,938"
22089,3.3,"70,224"
22091,5.3,"41,937"
22093,4.6,"60,466"
22095,5.0,"58,548"
22097,4.4,"39,806"
22099,3.7,"49,271"
22101,4.3,"42,757"
22103,2.9,"68,616"
22105,4.3,"51,596"
22107,5.0,"31,438"
22109,3.9,"59,482"
22111,3.8,"43,746"
22113,3.5,"52,070"
22115,4.0,"51,401"
22117,4.2,"39,363"
22119,4.1,"41,436"
22121,3.3,"67,436"
22123,5.5,"40,812"
22125,2.6,"69,086"
22127,4.0,"44,942"
23000,3.0,"64,823"
23001,3.0,"61,411"
23003,4.1,"51,770"
23005,2.4,"80,484"
23007,3.6,"52,295"
23009,3.5,"57,001"
23011,2.8,"60,449"
23013,3.0,"68,786"
23015,2.9,"65,638"
23017,3.3,"51,872"
23019,3.1,"56,261"
23021,3.8,"49,999"
23023,2.4,"75,624"
23025,4.1,"51,040"
23027,3.2,"58,262"
23029,4.3,"42,755"
23031,2.7,"73,794"
24000,3.2,"90,129"
24001,4.0,"49,236"
24003,2.8,"107,281"
24005,3.3,"80,159"
24009,2.9,"117,459"
24011,3.1,"61,945"
24013,2.7,"102,006"
24015,3.3,"76,727"
24017,3.3,"103,918"
24019,3.6,"54,731"
24021,3.0,"104,253"
24023,3.5,"55,107"
24025,3.0,"95,951"
24027,2.6,"131,412"
24029,3.6,"66,183"
24031,2.9,"112,352"
24033,3.5,"89,689"
24035,2.8,"94,583"
24037,3.1,"106,539"
24039,4.8,"47,131"
24041,3.4,"78,931"
24043,3.3,"65,433"
24045,3.8,"61,848"
24047,5.0,"70,952"
24510,4.3,"54,068"
25000,3.8,"89,577"
25001,4.7,"82,980"
25003,4.4,"60,945"
25005,4.6,"72,857"
25007,5.2,"79,338"
25009,3.9,"87,145"
25011,3.4,"68,948"
25013,4.9,"61,818"
25015,3.4,"77,117"
25017,3.1,"112,345"
25019,6.3,"110,966"
25021,3.3,"114,658"
25023,4.0,"99,445"
25025,3.6,"77,163"
25027,3.9,"84,583"
26000,4.2,"63,444"
26001,7.0,"46,749"
26003,7.4,"54,516"
26005,3.7,"73,873"
26007,5.0,"50,848"
26009,5.8,"59,430"
26011,7.4,"50,452"
26013,7.3,"46,656"
26015,3.9,"68,380"
26017,5.2,"56,681"
26019,5.3,"67,924"
26021,4.6,"57,554"
26023,4.1,"60,481"
26025,4.8,"55,639"
26027,4.5,"62,065"
26029,4.7,"64,604"
26031,8.3,"53,747"
26033,6.4,"48,972"
26035,7.0,"46,085"
26037,3.9,"77,617"
26039,6.6,"50,367"
26041,5.6,"53,234"
26043,4.3,"56,033"
26045,4.4,"70,638"
26047,5.6,"71,401"
26049,5.6,"52,157"
26051,6.1,"49,146"
26053,5.2,"44,675"
26055,3.8,"66,271"
26057,4.6,"55,249"
26059,4.6,"54,863"
26061,4.8,"52,585"
26063,4.7,"51,767"
26065,4.4,"57,733"
26067,3.9,"64,641"
26069,6.4,"47,401"
26071,6.0,"48,920"
26073,4.9,"47,999"
26075,4.5,"58,637"
26077,3.9,"62,476"
26079,6.0,"57,920"
26081,3.5,"71,933"
26083,6.1,"50,729"
26085,7.1,"40,382"
26087,4.3,"71,306"
26089,4.3,"86,406"
26091,4.7,"62,050"
26093,2.8,"92,357"
26095,6.2,"47,959"
26097,9.1,"53,028"
26099,3.7,"67,646"
26101,5.9,"54,422"
26103,5.0,"56,179"
26105,5.3,"55,536"
26107,5.5,"52,481"
26109,4.3,"57,421"
26111,4.3,"68,054"
26113,5.1,"51,151"
26115,4.8,"66,179"
26117,4.5,"55,735"
26119,8.2,"44,500"
26121,5.1,"55,410"
26123,4.7,"57,840"
26125,3.0,"86,597"
26127,6.6,"56,533"
26129,7.0,"45,186"
26131,7.5,"46,824"
26133,4.7,"52,272"
26135,7.9,"42,620"
26137,5.4,"59,538"
26139,3.3,"79,402"
26141,7.7,"56,119"
26143,8.5,"50,822"
26145,5.6,"50,992"
26147,3.9,"61,466"
26149,4.3,"58,400"
26151,5.3,"49,541"
26153,7.8,"49,735"
26155,4.8,"53,197"
26157,5.4,"52,365"
26159,5.1,"59,240"
26161,3.6,"77,359"
26163,4.6,"52,644"
26165,4.9,"53,711"
27000,2.7,"77,712"
27001,4.5,"56,471"
27003,2.6,"88,416"
27005,2.9,"67,261"
27007,3.3,"60,386"
27009,3.4,"67,048"
27011,3.3,"55,635"
27013,2.3,"68,620"
27015,2.7,"63,708"
27017,3.6,"68,442"
27019,2.2,"106,582"
27021,4.2,"57,928"
27023,2.4,"58,611"
27025,3.1,"85,080"
27027,2.2,"67,970"
27029,6.6,"60,235"
27031,3.5,"62,528"
27033,2.8,"58,801"
27035,3.2,"64,008"
27037,2.4,"93,850"
27039,2.7,"84,385"
27041,2.4,"67,370"
27043,3.2,"55,696"
27045,2.6,"67,804"
27047,2.7,"62,770"
27049,2.6,"74,974"
27051,2.9,"61,901"
27053,2.5,"84,220"
27055,2.3,"70,325"
27057,4.2,"65,557"
27059,3.4,"74,481"
27061,4.5,"59,138"
27063,2.5,"64,052"
27065,4.7,"57,937"
27067,2.9,"66,030"
27069,2.8,"60,785"
27071,4.0,"59,299"
27073,2.7,"62,182"
27075,5.0,"68,725"
27077,3.2,"62,357"
27079,3.6,"82,936"
27081,2.9,"60,199"
27083,2.5,"66,692"
27085,2.9,"67,835"
27087,4.9,"52,486"
27089,4.0,"66,165"
27091,2.7,"57,521"
27093,2.9,"66,785"
27095,4.5,"66,546"
27097,4.4,"63,671"
27099,2.5,"60,831"
27101,3.3,"72,302"
27103,2.0,"73,386"
27105,2.3,"58,596"
27107,3.6,"60,560"
27109,2.2,"83,656"
27111,3.0,"63,741"
27113,3.3,"64,778"
27115,4.4,"62,206"
27117,2.5,"58,379"
27119,3.0,"61,629"
27121,2.4,"70,662"
27123,2.7,"70,485"
27125,3.8,"57,208"
27127,2.6,"61,480"
27129,3.6,"63,768"
27131,2.6,"71,490"
27133,1.7,"67,389"
27135,2.6,"69,341"
27137,3.3,"64,321"
27139,2.3,"108,730"
27141,2.9,"92,205"
27143,3.2,"73,913"
27145,2.7,"67,213"
27147,2.8,"70,093"
27149,2.2,"64,585"
27151,3.0,"59,516"
27153,3.2,"58,012"
27155,2.5,"60,270"
27157,2.6,"68,843"
27159,4.1,"55,215"
27161,3.5,"69,110"
27163,2.3,"105,251"
27165,2.5,"65,099"
27167,2.2,"65,514"
27169,2.2,"63,878"
27171,2.6,"99,744"
27173,2.8,"64,247"
28000,3.9,"48,871"
28001,5.2,"40,007"
28003,3.6,"46,712"
28005,5.2,"41,927"
28007,4.3,"40,592"
28009,4.9,"41,019"
28011,4.8,"35,599"
28013,4.1,"38,073"
28015,4.5,"46,012"
28017,4.5,"40,762"
28019,3.7,"43,567"
28021,8.2,"33,163"
28023,4.7,"43,774"
28025,4.1,"40,257"
28027,5.6,"31,234"
28029,4.4,"43,471"
28031,3.5,"43,796"
28033,3.2,"72,890"
28035,3.8,"45,326"
28037,5.4,"43,579"
28039,5.0,"54,560"
28041,5.8,"45,013"
28043,3.7,"39,562"
28045,4.1,"54,207"
28047,3.8,"54,090"
28049,3.9,"42,092"
28051,6.6,"28,236"
28053,7.6,"30,555"
28055,7.3,"29,050"
28057,3.4,"51,454"
28059,4.3,"57,664"
28061,5.0,"43,527"
28063,13.0,"32,234"
28065,5.0,"34,876"
28067,4.1,"44,670"
28069,5.9,"37,262"
28071,3.2,"52,428"
28073,3.1,"65,261"
28075,4.1,"44,492"
28077,4.7,"45,844"
28079,4.1,"42,938"
28081,3.3,"57,597"
28083,5.4,"31,091"
28085,3.7,"45,609"
28087,4.1,"49,086"
28089,3.1,"77,665"
28091,3.8,"40,017"
28093,4.1,"40,650"
28095,4.0,"47,768"
28097,4.3,"40,442"
28099,4.4,"44,008"
28101,4.3,"45,278"
28103,6.0,"34,467"
28105,4.1,"43,226"
28107,4.7,"42,287"
28109,3.9,"51,023"
28111,4.8,"45,758"
28113,4.8,"39,063"
28115,3.5,"50,133"
28117,3.3,"49,750"
28119,5.6,"31,877"
28121,2.9,"71,478"
28123,3.5,"41,496"
28125,5.9,"32,650"
28127,3.8,"43,757"
28129,3.7,"48,335"
28131,4.2,"51,353"
28133,5.8,"34,017"
28135,4.2,"35,671"
28137,3.9,"54,882"
28139,3.4,"49,254"
28141,3.7,"47,839"
28143,4.5,"37,886"
28145,2.9,"51,678"
28147,4.9,"37,080"
28149,4.2,"50,060"
28151,5.8,"38,040"
28153,4.9,"38,380"
28155,3.9,"49,335"
28157,6.4,"33,777"
28159,4.4,"48,427"
28161,4.1,"42,995"
28163,4.5,"37,119"
29000,2.5,"61,815"
29001,3.0,"47,619"
29003,2.1,"63,665"
29005,2.4,"54,708"
29007,3.0,"55,262"
29009,2.7,"47,532"
29011,2.3,"46,554"
29013,2.7,"54,634"
29015,3.6,"51,574"
29017,2.6,"54,291"
29019,2.0,"62,805"
29021,2.4,"51,811"
29023,2.9,"43,640"
29025,2.8,"52,861"
29027,2.3,"64,333"
29029,3.1,"54,637"
29031,2.2,"60,997"
29033,2.6,"59,257"
29035,3.6,"39,423"
29037,2.4,"79,949"
29039,2.7,"43,563"
29041,2.1,"56,898"
29043,2.0,"70,623"
29045,3.2,"50,390"
29047,2.5,"75,129"
29049,2.8,"64,823"
29051,2.0,"63,972"
29053,2.4,"56,824"
29055,2.8,"49,511"
29057,2.2,"43,303"
29059,2.7,"46,189"
29061,2.4,"56,786"
29063,2.6,"54,112"
29065,3.1,"45,530"
29067,2.7,"41,505"
29069,4.0,"42,932"
29071,2.3,"68,162"
29073,2.3,"56,626"
29075,2.1,"49,726"
29077,2.0,"53,391"
29079,2.6,"49,560"
29081,2.4,"47,536"
29083,2.6,"48,263"
29085,2.7,"40,224"
29087,1.9,"54,322"
29089,2.4,"55,699"
29091,2.9,"45,132"
29093,4.0,"44,817"
29095,2.9,"63,282"
29097,2.3,"51,936"
29099,2.4,"68,959"
29101,2.6,"59,146"
29103,2.6,"45,464"
29105,2.5,"46,405"
29107,2.6,"68,142"
29109,2.4,"51,385"
29111,2.3,"47,136"
29113,2.6,"76,182"
29115,2.9,"49,490"
29117,2.0,"51,789"
29119,2.4,"41,784"
29121,2.5,"49,295"
29123,2.9,"46,428"
29125,2.5,"52,560"
29127,2.4,"54,542"
29129,2.4,"49,815"
29131,2.5,"47,185"
29133,3.2,"38,559"
29135,2.3,"56,419"
29137,2.7,"52,079"
29139,2.4,"52,818"
29141,3.0,"50,410"
29143,3.0,"39,778"
29145,2.4,"58,832"
29147,2.2,"49,751"
29149,3.1,"37,898"
29151,1.9,"67,603"
29153,3.7,"41,194"
29155,3.8,"36,828"
29157,2.1,"56,788"
29159,2.6,"49,333"
29161,2.5,"49,346"
29163,2.5,"51,699"
29165,2.2,"86,720"
29167,2.4,"53,856"
29169,2.9,"58,046"
29171,2.3,"46,774"
29173,2.3,"61,239"
29175,2.6,"48,560"
29177,3.3,"68,609"
29179,2.9,"42,611"
29181,3.2,"37,865"
29183,2.1,"92,029"
29185,2.9,"41,754"
29186,2.3,"63,729"
29187,3.3,"48,557"
29189,2.4,"72,507"
29195,2.5,"51,994"
29197,3.0,"49,163"
29199,2.1,"48,665"
29201,2.4,"49,257"
29203,3.6,"36,683"
29205,2.3,"50,838"
29207,2.9,"46,818"
29209,3.8,"53,039"
29211,2.8,"46,864"
29213,4.0,"47,210"
29215,3.0,"41,483"
29217,2.5,"48,273"
29219,2.5,"71,073"
29221,3.2,"44,063"
29223,3.6,"41,271"
29225,2.2,"59,303"
29227,1.9,"45,477"
29229,2.7,"41,748"
29510,3.1,"49,246"
30000,2.6,"63,357"
30001,2.3,"53,776"
30003,4.4,"47,179"
30005,3.1,"46,335"
30007,3.4,"66,307"
30009,2.6,"62,841"
30011,2.1,"52,116"
30013,2.6,"57,085"
30015,2.3,"51,113"
30017,2.4,"54,913"
30019,1.9,"52,852"
30021,2.3,"70,252"
30023,2.5,"45,725"
30025,1.6,"63,793"
30027,2.8,"54,823"
30029,3.1,"65,835"
30031,1.9,"78,910"
30033,2.9,"49,898"
30035,5.0,"44,777"
30037,3.2,"43,820"
30039,3.8,"52,984"
30041,2.5,"54,377"
30043,2.5,"68,128"
30045,2.4,"51,392"
30047,3.0,"50,978"
30049,2.4,"67,702"
30051,2.3,"49,277"
30053,4.8,"48,156"
30055,1.8,"51,881"
30057,2.2,"62,516"
30059,2.3,"45,391"
30061,5.1,"50,327"
30063,2.6,"65,682"
30065,2.9,"54,003"
30067,2.7,"59,113"
30069,3.0,"48,141"
30071,3.7,"53,626"
30073,2.6,"47,900"
30075,2.2,"52,298"
30077,2.6,"47,687"
30079,3.0,"46,328"
30081,2.8,"60,030"
30083,2.6,"63,148"
30085,3.5,"47,266"
30087,3.4,"61,331"
30089,4.3,"50,270"
30091,1.9,"56,095"
30093,2.9,"52,495"
30095,2.2,"75,820"
30097,2.0,"61,454"
30099,2.7,"59,787"
30101,2.0,"49,297"
30103,2.0,"58,275"
30105,2.5,"55,338"
30107,3.7,"42,431"
30109,2.4,"51,924"
30111,2.4,"69,182"
31000,2.3,"66,949"
31001,2.2,"57,136"
31003,1.9,"57,413"
31005,2.1,"58,677"
31007,3.1,"59,863"
31009,4.0,"53,541"
31011,1.8,"64,705"
31013,2.4,"65,493"
31015,2.3,"51,107"
31017,2.6,"52,738"
31019,2.0,"65,721"
31021,2.4,"61,317"
31023,1.8,"66,416"
31025,2.5,"77,771"
31027,1.9,"64,037"
31029,1.8,"59,492"
31031,1.8,"53,533"
31033,2.5,"54,772"
31035,2.4,"64,315"
31037,2.0,"69,498"
31039,1.9,"66,165"
31041,1.7,"56,531"
31043,2.8,"64,231"
31045,2.1,"50,905"
31047,2.5,"61,817"
31049,2.4,"51,583"
31051,2.2,"64,943"
31053,2.2,"59,872"
31055,2.7,"69,475"
31057,1.6,"52,916"
31059,1.9,"65,739"
31061,2.3,"54,192"
31063,2.2,"53,735"
31065,2.0,"54,308"
31067,2.6,"56,261"
31069,2.0,"53,240"
31071,2.1,"51,055"
31073,2.0,"67,263"
31075,1.7,"64,244"
31077,2.1,"53,225"
31079,2.4,"60,751"
31081,2.1,"73,024"
31083,1.9,"58,928"
31085,1.7,"57,060"
31087,2.4,"50,300"
31089,1.9,"61,415"
31091,2.7,"52,254"
31093,2.1,"70,906"
31095,1.9,"57,098"
31097,2.9,"50,886"
31099,1.9,"72,694"
31101,1.9,"53,637"
31103,2.2,"49,421"
31105,1.9,"52,460"
31107,2.3,"54,189"
31109,2.2,"65,436"
31111,2.2,"61,702"
31113,2.2,"61,004"
31115,2.7,"53,369"
31117,1.8,"54,138"
31119,2.1,"61,263"
31121,2.0,"64,309"
31123,2.1,"52,933"
31125,2.1,"56,880"
31127,2.4,"56,658"
31129,2.2,"59,602"
31131,2.3,"67,595"
31133,2.2,"50,501"
31135,1.7,"61,156"
31137,2.0,"66,986"
31139,2.0,"64,607"
31141,2.1,"70,177"
31143,2.0,"69,503"
31145,2.0,"63,958"
31147,2.1,"54,044"
31149,1.7,"53,120"
31151,2.6,"63,187"
31153,2.3,"88,913"
31155,2.1,"78,689"
31157,2.6,"53,206"
31159,2.2,"75,305"
31161,2.0,"47,543"
31163,2.3,"54,771"
31165,1.9,"46,834"
31167,2.0,"71,709"
31169,1.9,"56,626"
31171,2.6,"53,019"
31173,3.4,"52,202"
31175,2.2,"52,336"
31177,2.2,"100,572"
31179,2.2,"59,787"
31181,2.5,"58,161"
31183,1.6,"50,850"
31185,2.1,"64,531"
32000,5.4,"66,194"
32001,3.6,"67,716"
32003,6.0,"63,735"
32005,4.0,"74,053"
32007,3.2,"81,466"
32009,3.7,"53,509"
32011,2.9,"80,084"
32013,3.3,"77,018"
32015,3.4,"85,773"
32017,3.9,"64,304"
32019,4.9,"71,547"
32021,4.1,"53,515"
32023,5.7,"59,282"
32027,3.6,"52,412"
32029,4.0,"79,281"
32031,3.5,"76,123"
32033,3.1,"63,070"
32510,4.0,"64,869"
33000,2.5,"88,268"
33001,2.5,"75,781"
33003,2.6,"66,874"
33005,2.7,"67,883"
33007,3.3,"53,602"
33009,2.3,"77,378"
33011,2.6,"90,806"
33013,2.3,"80,842"
33015,2.6,"104,281"
33017,2.3,"91,928"
33019,2.4,"64,919"
34000,3.7,"89,227"
34001,5.1,"65,693"
34003,3.4,"104,777"
34005,3.3,"94,043"
34007,4.0,"77,675"
34009,6.5,"74,896"
34011,5.1,"58,030"
34013,4.5,"66,191"
34015,3.7,"93,783"
34017,3.6,"79,159"
34019,2.9,"122,095"
34021,3.2,"86,499"
34023,3.3,"98,992"
34025,3.3,"107,500"
34027,3.0,"122,525"
34029,3.7,"75,732"
34031,4.6,"74,016"
34033,4.6,"69,844"
34035,3.1,"123,708"
34037,3.7,"99,695"
34039,3.9,"85,926"
34041,3.5,"82,900"
35000,4.0,"54,304"
35001,3.6,"59,723"
35003,5.1,"40,273"
35005,4.2,"45,098"
35006,5.5,"42,862"
35007,3.9,"42,787"
35009,3.2,"50,322"
35011,3.4,"40,181"
35013,4.4,"46,619"
35015,3.3,"66,191"
35017,4.1,"46,503"
35019,5.6,"37,534"
35021,3.5,"44,080"
35023,3.4,"40,226"
35025,4.4,"51,749"
35027,4.0,"50,472"
35028,2.2,"134,050"
35029,9.9,"35,040"
35031,5.7,"40,149"
35033,5.5,"41,734"
35035,4.1,"49,845"
35037,4.3,"35,776"
35039,4.3,"47,042"
35041,3.8,"46,977"
35043,3.8,"72,545"
35045,4.6,"49,977"
35047,4.9,"43,564"
35049,3.6,"67,311"
35051,5.9,"37,660"
35053,4.3,"38,817"
35055,4.9,"45,626"
35057,5.4,"45,684"
35059,2.9,"41,518"
35061,4.3,"50,510"
36000,4.3,"74,230"
36001,3.0,"74,512"
36003,4.0,"55,320"
36005,7.8,"43,143"
36007,3.8,"55,729"
36009,4.0,"54,602"
36011,3.4,"62,839"
36013,3.9,"48,102"
36015,3.7,"59,155"
36017,3.3,"58,177"
36019,3.3,"60,094"
36021,2.7,"69,403"
36023,3.8,"62,292"
36025,3.7,"53,385"
36027,3.1,"87,370"
36029,3.6,"63,014"
36031,3.6,"62,884"
36033,3.6,"54,960"
36035,3.9,"56,169"
36037,3.1,"62,785"
36039,3.5,"61,375"
36041,4.3,"57,427"
36043,3.9,"59,366"
36045,4.0,"59,430"
36047,5.9,"66,943"
36049,4.0,"59,978"
36051,3.3,"65,221"
36053,3.4,"66,419"
36055,3.4,"66,003"
36057,4.0,"55,523"
36059,2.9,"125,118"
36061,4.6,"84,371"
36063,3.8,"61,068"
36065,3.5,"59,804"
36067,3.3,"65,548"
36069,3.1,"76,137"
36071,3.2,"88,494"
36073,3.8,"56,140"
36075,4.0,"59,394"
36077,3.4,"61,664"
36079,2.9,"107,014"
36081,5.2,"72,807"
36083,3.1,"74,106"
36085,5.5,"84,744"
36087,2.8,"98,054"
36089,4.1,"55,531"
36091,2.7,"87,154"
36093,3.3,"72,357"
36095,3.6,"67,080"
36097,3.7,"57,706"
36099,3.2,"60,985"
36101,3.6,"57,584"
36103,3.1,"112,681"
36105,3.3,"57,017"
36107,3.2,"64,052"
36109,2.8,"65,402"
36111,3.2,"77,427"
36113,3.4,"69,314"
36115,3.2,"61,633"
36117,3.2,"65,299"
36119,3.1,"109,131"
36121,3.5,"66,261"
36123,2.9,"63,619"
37000,3.7,"61,997"
37001,3.7,"58,847"
37003,3.2,"52,989"
37005,3.9,"45,239"
37007,4.4,"40,773"
37009,3.4,"45,551"
37011,3.3,"48,470"
37013,3.9,"50,312"
37015,4.9,"41,280"
37017,4.3,"42,398"
37019,4.7,"67,286"
37021,3.0,"63,838"
37023,3.4,"53,758"
37025,3.4,"79,148"
37027,3.6,"44,705"
37029,3.8,"79,162"
37031,3.5,"63,146"
37033,4.0,"50,879"
37035,3.4,"59,841"
37037,3.1,"82,764"
37039,4.0,"44,211"
37041,4.0,"48,568"
37043,4.0,"51,537"
37045,3.8,"49,009"
37047,4.2,"41,206"
37049,3.7,"57,628"
37051,5.1,"52,463"
37053,3.5,"82,759"
37055,4.3,"68,682"
37057,3.5,"53,473"
37059,3.4,"67,224"
37061,3.7,"45,149"
37063,3.2,"71,436"
37065,6.5,"41,157"
37067,3.7,"60,228"
37069,3.6,"63,687"
37071,3.7,"56,017"
37073,3.5,"59,762"
37075,5.4,"43,647"
37077,3.2,"62,715"
37079,3.2,"42,884"
37081,4.1,"60,915"
37083,5.5,"38,944"
37085,4.1,"61,701"
37087,3.2,"51,817"
37089,3.2,"60,384"
37091,5.1,"40,461"
37093,4.9,"54,948"
37095,5.6,"44,880"
37097,3.4,"69,734"
37099,3.8,"50,652"
37101,3.3,"69,889"
37103,3.4,"47,616"
37105,4.2,"56,679"
37107,3.7,"44,244"
37109,3.1,"73,319"
37111,3.5,"50,476"
37113,3.5,"49,406"
37115,3.4,"51,849"
37117,4.4,"43,261"
37119,3.5,"75,138"
37121,4.2,"49,086"
37123,3.7,"52,897"
37125,3.7,"69,373"
37127,5.0,"55,956"
37129,3.3,"66,212"
37131,4.9,"40,524"
37133,4.3,"55,645"
37135,3.0,"79,814"
37137,3.6,"53,732"
37139,4.5,"51,365"
37141,3.5,"69,555"
37143,4.5,"53,760"
37145,3.8,"55,287"
37147,4.1,"48,116"
37149,3.8,"58,064"
37151,3.6,"57,088"
37153,5.0,"42,158"
37155,5.5,"38,613"
37157,4.1,"46,868"
37159,3.6,"56,441"
37161,4.7,"44,477"
37163,3.7,"48,267"
37165,6.4,"44,060"
37167,3.3,"57,465"
37169,3.3,"57,763"
37171,3.4,"51,820"
37173,3.2,"47,838"
37175,3.4,"61,737"
37177,5.2,"39,970"
37179,3.1,"87,553"
37181,5.8,"45,557"
37183,3.1,"91,558"
37185,6.3,"44,794"
37187,5.1,"42,582"
37189,3.2,"55,183"
37191,4.0,"49,955"
37193,3.8,"47,891"
37195,5.1,"48,777"
37197,3.3,"56,547"
37199,3.6,"46,299"
38000,2.1,"67,603"
38001,2.2,"56,364"
38003,2.2,"61,111"
38005,2.9,"47,080"
38007,2.0,"77,375"
38009,3.0,"67,400"
38011,1.7,"68,253"
38013,2.0,"71,492"
38015,1.9,"71,980"
38017,1.8,"66,351"
38019,2.4,"65,006"
38021,1.7,"55,270"
38023,1.3,"64,646"
38025,1.3,"75,713"
38027,2.9,"57,277"
38029,4.3,"55,883"
38031,2.1,"69,364"
38033,1.6,"63,973"
38035,1.9,"64,804"
38037,2.0,"48,544"
38039,2.2,"59,520"
38041,1.7,"54,282"
38043,3.9,"55,020"
38045,1.9,"65,932"
38047,2.2,"51,318"
38049,3.2,"64,262"
38051,2.1,"54,211"
38053,1.9,"86,294"
38055,3.1,"68,419"
38057,3.3,"78,823"
38059,2.5,"71,415"
38061,1.5,"71,941"
38063,2.9,"62,095"
38065,3.3,"72,965"
38067,3.4,"63,809"
38069,2.6,"55,747"
38071,2.3,"63,973"
38073,1.7,"71,594"
38075,2.0,"66,937"
38077,1.9,"65,184"
38079,6.6,"47,394"
38081,1.7,"69,666"
38083,2.6,"49,374"
38085,2.6,"40,307"
38087,2.6,"57,922"
38089,1.9,"73,453"
38091,2.0,"77,013"
38093,2.0,"63,871"
38095,2.4,"66,452"
38097,2.0,"72,320"
38099,3.1,"61,472"
38101,2.3,"69,957"
38103,3.1,"63,665"
38105,2.3,"77,051"
39000,4.0,"62,286"
39001,5.4,"47,001"
39003,4.2,"52,518"
39005,3.8,"59,117"
39007,4.4,"48,916"
39009,4.8,"49,023"
39011,3.1,"64,942"
39013,5.2,"50,602"
39015,4.5,"58,990"
39017,3.5,"72,859"
39019,4.3,"56,287"
39021,3.7,"64,876"
39023,4.1,"59,077"
39025,3.6,"70,789"
39027,4.4,"62,999"
39029,4.6,"51,019"
39031,4.9,"50,135"
39033,4.8,"50,656"
39035,4.9,"55,250"
39037,3.5,"59,456"
39039,3.9,"66,697"
39041,3.0,"118,661"
39043,4.9,"59,226"
39045,3.5,"80,245"
39047,3.9,"58,020"
39049,3.4,"66,056"
39051,4.0,"68,985"
39053,4.7,"49,575"
39055,4.0,"91,701"
39057,3.6,"79,035"
39059,4.9,"50,599"
39061,3.6,"64,087"
39063,3.3,"65,866"
39065,4.2,"53,940"
39067,4.9,"50,691"
39069,4.5,"69,634"
39071,4.9,"56,772"
39073,4.1,"55,814"
39075,2.8,"70,027"
39077,5.1,"62,153"
39079,5.0,"48,745"
39081,5.4,"50,442"
39083,3.5,"61,642"
39085,4.3,"74,208"
39087,4.6,"49,916"
39089,3.4,"72,936"
39091,3.5,"65,499"
39093,5.1,"63,348"
39095,4.4,"53,379"
39097,3.2,"71,958"
39099,4.8,"50,216"
39101,4.4,"53,172"
39103,4.0,"86,880"
39105,5.8,"45,935"
39107,2.7,"67,958"
39109,3.6,"65,537"
39111,6.4,"53,036"
39113,4.1,"56,636"
39115,5.3,"46,327"
39117,3.9,"62,516"
39119,4.3,"52,806"
39121,6.0,"50,109"
39123,5.2,"71,409"
39125,3.5,"60,274"
39127,4.4,"63,329"
39129,3.7,"72,652"
39131,5.1,"49,357"
39133,3.8,"65,445"
39135,3.4,"56,134"
39137,3.0,"72,588"
39139,4.5,"51,733"
39141,3.8,"53,068"
39143,4.7,"54,399"
39145,5.1,"43,981"
39147,4.2,"59,292"
39149,3.5,"63,848"
39151,4.0,"59,205"
39153,4.1,"63,191"
39155,4.9,"51,838"
39157,3.8,"58,282"
39159,3.0,"98,167"
39161,3.3,"61,842"
39163,5.0,"46,511"
39165,3.3,"97,011"
39167,4.7,"55,133"
39169,3.2,"60,709"
39171,3.4,"57,131"
39173,3.5,"64,702"
39175,2.9,"65,757"
40000,3.0,"55,829"
40001,3.3,"43,371"
40003,2.0,"55,157"
40005,3.9,"44,489"
40007,1.9,"60,260"
40009,2.6,"46,744"
40011,2.2,"50,068"
40013,2.7,"47,916"
40015,3.2,"44,121"
40017,2.5,"75,806"
40019,3.5,"53,211"
40021,3.5,"42,269"
40023,4.6,"41,228"
40025,1.4,"50,300"
40027,2.5,"67,692"
40029,3.2,"44,733"
40031,3.6,"50,090"
40033,3.1,"48,703"
40035,3.1,"48,825"
40037,3.5,"53,287"
40039,2.6,"51,098"
40041,2.9,"47,774"
40043,2.0,"53,165"
40045,2.3,"52,503"
40047,2.9,"59,514"
40049,2.9,"50,043"
40051,2.7,"61,326"
40053,1.9,"51,688"
40055,3.4,"39,391"
40057,2.7,"38,826"
40059,2.0,"58,116"
40061,4.3,"36,954"
40063,3.9,"39,603"
40065,2.7,"55,293"
40067,3.1,"37,798"
40069,3.7,"47,039"
40071,3.5,"50,034"
40073,2.0,"66,770"
40075,3.2,"40,937"
40077,5.6,"37,294"
40079,3.7,"42,198"
40081,3.0,"51,525"
40083,2.7,"68,955"
40085,2.4,"52,205"
40087,2.7,"72,895"
40089,4.0,"43,930"
40091,4.9,"42,506"
40093,2.4,"55,948"
40095,3.0,"49,443"
40097,3.1,"53,161"
40099,3.0,"55,997"
40101,3.5,"44,521"
40103,2.2,"58,612"
40105,2.9,"50,228"
40107,3.9,"36,567"
40109,2.9,"57,890"
40111,4.2,"46,411"
40113,3.6,"56,156"
40115,2.8,"45,523"
40117,3.6,"52,367"
40119,2.8,"50,651"
40121,4.3,"47,589"
40123,2.8,"51,044"
40125,3.4,"51,569"
40127,3.8,"42,360"
40129,2.3,"54,944"
40131,2.9,"69,436"
40133,4.2,"42,053"
40135,3.4,"43,293"
40137,3.2,"49,840"
40139,1.8,"56,229"
40141,3.3,"44,231"
40143,3.0,"59,232"
40145,3.0,"70,603"
40147,3.3,"54,108"
40149,3.0,"51,073"
40151,1.9,"51,371"
40153,2.9,"56,666"
41000,4.2,"71,441"
41001,4.7,"53,107"
41003,3.6,"65,419"
41005,3.8,"91,076"
41007,4.3,"59,539"
41009,4.8,"78,267"
41011,5.3,"54,067"
41013,5.5,"65,755"
41015,5.4,"52,586"
41017,4.2,"79,648"
41019,5.3,"52,042"
41021,4.0,"69,135"
41023,6.1,"53,079"
41025,4.9,"50,113"
41027,3.6,"70,850"
41029,4.7,"63,308"
41031,5.5,"59,317"
41033,5.6,"49,833"
41035,6.0,"49,660"
41037,5.4,"52,012"
41039,4.6,"61,509"
41041,5.2,"52,751"
41043,4.6,"64,834"
41045,4.4,"51,466"
41047,4.3,"64,412"
41049,4.1,"67,334"
41051,3.9,"77,851"
41053,4.2,"71,606"
41055,3.3,"69,892"
41057,4.4,"56,158"
41059,4.6,"58,764"
41061,4.7,"53,294"
41063,5.4,"58,311"
41065,4.3,"59,638"
41067,3.5,"91,899"
41069,3.4,"43,468"
41071,3.9,"75,303"
42000,4.4,"68,931"
42001,3.3,"72,849"
42003,4.2,"68,874"
42005,5.3,"54,089"
42007,5.4,"64,593"
42009,4.5,"52,984"
42011,4.3,"68,693"
42013,4.5,"55,843"
42015,4.2,"55,199"
42017,3.8,"99,755"
42019,4.2,"77,902"
42021,5.4,"52,441"
42023,5.7,"47,588"
42025,5.1,"58,295"
42027,3.6,"66,239"
42029,3.2,"109,616"
42031,5.2,"55,551"
42033,5.4,"54,539"
42035,5.3,"54,171"
42037,4.5,"56,300"
42039,4.8,"55,141"
42041,3.4,"81,975"
42043,4.0,"66,121"
42045,4.1,"78,194"
42047,4.9,"56,843"
42049,5.0,"56,799"
42051,6.1,"47,812"
42053,6.5,"46,432"
42055,3.7,"66,983"
42057,4.1,"55,100"
42059,5.3,"55,287"
42061,5.6,"54,516"
42063,5.3,"51,887"
42065,4.9,"51,099"
42067,4.3,"55,279"
42069,4.7,"61,227"
42071,3.5,"75,619"
42073,5.4,"58,307"
42075,3.7,"71,826"
42077,4.4,"68,688"
42079,5.3,"58,645"
42081,4.7,"58,862"
42083,5.4,"54,377"
42085,5.0,"54,112"
42087,4.8,"51,503"
42089,5.7,"74,989"
42091,3.5,"102,648"
42093,3.4,"68,053"
42095,4.2,"78,768"
42097,5.0,"50,930"
42099,3.6,"76,010"
42101,5.4,"52,882"
42103,5.6,"70,065"
42105,5.9,"51,348"
42107,5.0,"57,868"
42109,4.3,"61,208"
42111,5.4,"53,770"
42113,5.3,"55,516"
42115,4.2,"56,995"
42117,4.9,"56,920"
42119,3.9,"67,424"
42121,5.0,"56,992"
42123,4.7,"54,073"
42125,4.6,"68,238"
42127,5.1,"54,336"
42129,4.6,"63,184"
42131,4.9,"63,118"
42133,3.8,"72,949"
44000,3.2,"73,324"
44001,2.6,"94,553"
44003,2.9,"74,282"
44005,2.8,"85,764"
44007,3.5,"66,610"
44009,2.8,"90,152"
45000,3.2,"59,447"
45001,3.9,"49,485"
45003,3.2,"56,711"
45005,5.7,"31,262"
45007,3.0,"58,951"
45009,5.5,"37,906"
45011,4.7,"42,265"
45013,3.1,"72,661"
45015,3.1,"74,289"
45017,3.5,"39,476"
45019,2.8,"71,755"
45021,4.1,"45,829"
45023,4.3,"46,500"
45025,3.6,"45,395"
45027,4.1,"41,240"
45029,3.5,"46,629"
45031,3.5,"46,291"
45033,4.6,"39,613"
45035,2.9,"71,548"
45037,3.3,"57,774"
45039,4.7,"40,766"
45041,3.2,"52,062"
45043,3.7,"58,419"
45045,2.8,"68,487"
45047,3.7,"52,462"
45049,2.9,"41,281"
45051,3.9,"56,342"
45053,3.1,"54,099"
45055,3.3,"54,900"
45057,3.6,"68,993"
45059,3.4,"53,130"
45061,4.7,"39,125"
45063,2.7,"65,016"
45065,3.6,"50,005"
45067,4.9,"37,534"
45069,6.5,"38,254"
45071,2.8,"57,072"
45073,3.1,"53,432"
45075,5.0,"39,832"
45077,3.1,"54,415"
45079,3.3,"56,940"
45081,2.9,"50,440"
45083,3.1,"60,470"
45085,3.8,"48,286"
45087,4.7,"43,615"
45089,4.8,"40,235"
45091,3.1,"73,466"
46000,2.1,"66,843"
46003,1.9,"56,110"
46005,1.9,"53,648"
46007,3.3,"41,607"
46009,1.9,"54,009"
46011,2.1,"61,581"
46013,2.3,"62,070"
46015,1.7,"58,516"
46017,4.5,"25,653"
46019,1.9,"53,812"
46021,2.6,"61,892"
46023,2.3,"50,712"
46025,2.3,"59,637"
46027,2.1,"51,388"
46029,2.0,"65,106"
46031,3.0,"34,372"
46033,2.8,"68,600"
46035,1.9,"60,924"
46037,3.0,"56,687"
46039,2.9,"63,342"
46041,5.7,"45,120"
46043,2.0,"60,711"
46045,1.9,"67,142"
46047,2.3,"52,113"
46049,2.0,"59,970"
46051,2.6,"66,697"
46053,1.9,"45,603"
46055,1.9,"54,380"
46057,2.0,"75,467"
46059,1.7,"64,118"
46061,2.6,"79,602"
46063,2.0,"58,187"
46065,1.7,"72,724"
46067,2.3,"60,502"
46069,2.1,"60,715"
46071,3.0,"39,639"
46073,1.3,"67,818"
46075,2.5,"53,891"
46077,1.9,"60,106"
46079,2.1,"67,151"
46081,1.9,"62,652"
46083,1.6,"91,352"
46085,2.5,"48,076"
46087,1.7,"69,208"
46089,2.7,"49,970"
46091,2.8,"62,871"
46093,2.1,"63,475"
46095,3.1,"40,223"
46097,1.9,"60,032"
46099,1.9,"73,040"
46101,2.2,"66,527"
46102,4.9,"35,046"
46103,2.0,"64,387"
46105,2.1,"49,810"
46107,2.3,"64,542"
46109,3.3,"55,666"
46111,2.1,"61,286"
46115,2.4,"62,269"
46117,1.9,"73,957"
46119,1.6,"62,078"
46121,3.7,"36,362"
46123,1.7,"50,688"
46125,1.9,"66,854"
46127,2.2,"87,314"
46129,3.5,"53,162"
46135,1.8,"65,826"
46137,3.7,"37,066"
47000,3.4,"59,698"
47001,3.3,"58,633"
47003,3.4,"55,420"
47005,4.1,"45,165"
47007,5.3,"44,867"
47009,3.1,"62,724"
47011,3.6,"56,273"
47013,4.1,"44,325"
47015,3.0,"53,093"
47017,3.9,"45,997"
47019,3.6,"45,293"
47021,2.7,"75,162"
47023,3.0,"51,615"
47025,3.8,"43,331"
47027,4.6,"39,770"
47029,5.1,"40,572"
47031,3.4,"55,070"
47033,3.2,"50,792"
47035,4.3,"52,000"
47037,2.8,"65,463"
47039,4.5,"48,292"
47041,3.8,"45,612"
47043,3.0,"61,219"
47045,3.6,"51,499"
47047,3.5,"70,943"
47049,3.8,"41,469"
47051,3.5,"57,723"
47053,3.5,"51,280"
47055,3.3,"55,468"
47057,3.8,"46,983"
47059,4.0,"54,166"
47061,4.5,"41,266"
47063,3.6,"48,483"
47065,3.4,"65,689"
47067,4.2,"34,055"
47069,4.2,"44,314"
47071,4.0,"50,309"
47073,3.9,"49,873"
47075,4.5,"42,634"
47077,3.6,"53,282"
47079,4.0,"45,980"
47081,2.9,"50,345"
47083,4.4,"48,788"
47085,3.5,"55,298"
47087,3.9,"43,611"
47089,3.6,"50,969"
47091,3.4,"42,230"
47093,2.9,"64,817"
47095,5.0,"29,281"
47097,4.7,"42,280"
47099,3.5,"49,794"
47101,3.6,"50,422"
47103,3.2,"52,018"
47105,3.2,"72,378"
47107,4.0,"50,480"
47109,4.6,"45,083"
47111,3.1,"49,357"
47113,3.4,"53,954"
47115,3.9,"51,898"
47117,3.3,"64,710"
47119,3.0,"68,425"
47121,4.4,"51,337"
47123,3.4,"50,364"
47125,3.7,"63,593"
47127,2.5,"62,609"
47129,3.8,"48,122"
47131,3.9,"50,021"
47133,3.4,"45,793"
47135,5.4,"43,998"
47137,3.8,"44,566"
47139,3.7,"50,863"
47141,3.4,"52,138"
47143,4.3,"50,479"
47145,3.7,"56,355"
47147,2.8,"67,539"
47149,2.7,"77,942"
47151,4.9,"40,788"
47153,4.1,"55,099"
47155,3.2,"51,771"
47157,4.5,"54,931"
47159,3.0,"56,567"
47161,3.9,"56,764"
47163,3.5,"49,489"
47165,2.7,"71,268"
47167,3.6,"62,814"
47169,3.0,"49,014"
47171,4.3,"44,971"
47173,3.8,"51,102"
47175,4.2,"45,565"
47177,4.2,"48,444"
47179,3.2,"56,071"
47181,4.5,"47,563"
47183,3.5,"44,799"
47185,3.5,"45,239"
47187,2.4,"123,474"
47189,2.6,"82,489"
48000,3.9,"66,959"
48001,3.4,"54,515"
48003,3.2,"70,005"
48005,4.6,"50,620"
48007,5.3,"55,435"
48009,3.4,"69,286"
48011,2.8,"64,401"
48013,4.0,"57,905"
48015,3.9,"68,150"
48017,4.2,"47,375"
48019,3.7,"69,051"
48021,3.3,"72,809"
48023,2.7,"45,408"
48025,5.8,"45,431"
48027,4.4,"58,878"
48029,3.7,"63,014"
48031,2.8,"69,247"
48033,1.9,"69,744"
48035,3.7,"56,041"
48037,4.6,"52,934"
48039,4.5,"82,165"
48041,3.1,"50,494"
48043,3.4,"51,197"
48045,3.5,"49,905"
48047,6.0,"33,460"
48049,4.3,"48,803"
48051,3.6,"57,469"
48053,3.0,"72,510"
48055,3.5,"60,063"
48057,3.7,"70,662"
48059,3.6,"56,708"
48061,5.7,"46,436"
48063,4.5,"51,024"
48065,3.1,"66,548"
48067,4.7,"42,896"
48069,3.1,"62,236"
48071,5.3,"89,767"
48073,4.4,"48,664"
48075,2.8,"42,758"
48077,3.8,"60,973"
48079,4.8,"42,274"
48081,3.5,"46,767"
48083,4.3,"42,253"
48085,3.2,"102,119"
48087,3.5,"45,734"
48089,3.5,"62,004"
48091,3.5,"93,487"
48093,3.5,"49,076"
48095,3.1,"48,563"
48097,3.4,"58,060"
48099,4.5,"59,718"
48101,2.7,"44,590"
48103,5.0,"63,555"
48105,4.0,"53,159"
48107,4.1,"42,728"
48109,2.9,"48,217"
48111,2.4,"70,895"
48113,3.7,"63,549"
48115,4.4,"43,627"
48117,3.0,"50,967"
48119,4.0,"50,329"
48121,3.2,"98,027"
48123,3.4,"54,279"
48125,4.8,"42,690"
48127,3.8,"41,838"
48129,3.6,"44,353"
48131,4.5,"37,921"
48133,4.6,"47,526"
48135,3.9,"58,389"
48137,2.8,"47,573"
48139,3.5,"87,698"
48141,4.3,"50,983"
48143,3.5,"51,964"
48145,4.1,"46,173"
48147,3.5,"56,794"
48149,3.5,"64,711"
48151,3.5,"51,362"
48153,4.1,"43,855"
48155,3.2,"42,616"
48157,3.9,"98,070"
48159,3.2,"51,885"
48161,5.3,"48,397"
48163,3.4,"47,833"
48165,3.0,"58,712"
48167,4.4,"77,627"
48169,4.1,"43,890"
48171,2.6,"71,594"
48173,2.6,"116,958"
48175,4.4,"58,937"
48177,3.2,"48,164"
48179,4.5,"45,530"
48181,3.7,"62,678"
48183,4.2,"57,608"
48185,4.5,"52,540"
48187,3.4,"80,145"
48189,4.9,"47,373"
48191,4.2,"34,766"
48193,3.4,"53,759"
48195,2.4,"57,692"
48197,3.5,"45,677"
48199,5.2,"67,183"
48201,4.2,"63,539"
48203,4.5,"56,645"
48205,2.0,"71,332"
48207,3.0,"43,546"
48209,3.0,"79,336"
48211,3.3,"65,387"
48213,3.8,"50,348"
48215,6.5,"44,260"
48217,3.9,"52,495"
48219,3.7,"51,078"
48221,3.7,"68,911"
48223,3.5,"56,680"
48225,3.6,"45,603"
48227,5.1,"55,842"
48229,4.0,"38,904"
48231,3.9,"58,326"
48233,4.5,"56,646"
48235,3.0,"69,966"
48237,3.8,"51,846"
48239,3.5,"60,666"
48241,6.4,"50,038"
48243,3.4,"56,149"
48245,6.2,"55,575"
48247,5.4,"37,454"
48249,5.7,"43,852"
48251,3.5,"76,226"
48253,4.3,"52,288"
48255,3.3,"48,470"
48257,3.7,"73,660"
48259,3.1,"102,832"
48261,6.1,"42,379"
48263,2.1,"54,154"
48265,3.6,"60,834"
48267,3.4,"48,671"
48269,.9,"74,890"
48271,4.7,"50,567"
48273,4.8,"49,226"
48275,3.9,"45,558"
48277,4.3,"50,787"
48279,4.0,"48,981"
48281,3.7,"64,401"
48283,2.8,"40,549"
48285,3.3,"54,421"
48287,3.5,"59,469"
48289,5.2,"51,582"
48291,5.8,"57,174"
48293,4.6,"50,381"
48295,3.1,"64,249"
48297,4.2,"52,910"
48299,3.8,"61,037"
48301,.6,"100,917"
48303,3.4,"57,270"
48305,3.5,"50,374"
48307,4.2,"43,525"
48309,3.6,"58,524"
48311,1.8,"63,120"
48313,4.3,"48,251"
48315,5.0,"43,178"
48317,3.1,"69,505"
48319,3.3,"56,690"
48321,5.9,"50,054"
48323,7.9,"41,815"
48325,3.8,"62,907"
48327,3.8,"41,507"
48329,2.9,"84,837"
48331,4.3,"53,320"
48333,4.2,"54,948"
48335,4.4,"44,476"
48337,3.6,"54,988"
48339,3.9,"87,831"
48341,2.6,"61,833"
48343,6.3,"44,957"
48345,4.1,"47,835"
48347,4.3,"46,970"
48349,3.9,"51,015"
48351,6.8,"44,030"
48353,3.7,"44,342"
48355,4.7,"59,337"
48357,3.4,"60,914"
48359,3.0,"62,868"
48361,5.7,"65,908"
48363,3.8,"57,580"
48365,4.6,"54,244"
48367,3.3,"85,613"
48369,2.4,"56,632"
48371,4.0,"49,291"
48373,5.5,"50,827"
48375,3.2,"45,904"
48377,6.2,"39,791"
48379,3.4,"57,294"
48381,2.8,"72,082"
48383,3.5,"65,162"
48385,4.6,"46,907"
48387,5.1,"46,134"
48389,3.4,"46,275"
48391,4.7,"46,695"
48393,3.8,"73,224"
48395,3.8,"50,816"
48397,3.3,"120,696"
48399,3.3,"48,190"
48401,4.2,"53,186"
48403,7.0,"46,233"
48405,5.8,"43,335"
48407,4.8,"52,302"
48409,6.0,"58,227"
48411,3.5,"45,437"
48413,3.5,"52,408"
48415,4.1,"49,727"
48417,2.7,"61,351"
48419,4.2,"43,244"
48421,2.8,"62,557"
48423,3.7,"62,903"
48425,3.8,"68,280"
48427,11.0,"33,535"
48429,3.7,"46,064"
48431,4.0,"69,212"
48433,3.0,"49,813"
48435,5.7,"59,905"
48437,4.0,"45,509"
48439,3.6,"71,399"
48441,3.3,"53,820"
48443,3.4,"44,343"
48445,4.1,"42,225"
48447,3.1,"46,253"
48449,4.3,"49,513"
48451,3.4,"60,750"
48453,2.8,"84,519"
48455,5.2,"46,569"
48457,6.0,"46,955"
48459,4.3,"51,634"
48461,2.7,"49,340"
48463,4.4,"48,438"
48465,4.5,"50,532"
48467,3.5,"59,929"
48469,4.2,"57,142"
48471,4.7,"43,012"
48473,4.3,"65,437"
48475,3.7,"58,461"
48477,4.0,"66,601"
48479,4.1,"50,865"
48481,3.8,"56,522"
48483,3.9,"49,282"
48485,3.9,"53,148"
48487,4.9,"48,117"
48489,8.2,"37,087"
48491,2.9,"96,653"
48493,3.3,"78,794"
48495,3.9,"62,477"
48497,3.5,"77,668"
48499,4.5,"53,485"
48501,4.0,"66,816"
48503,3.4,"53,715"
48505,6.9,"37,474"
48507,8.6,"35,046"
49000,2.3,"79,449"
49001,2.7,"59,437"
49003,2.3,"69,538"
49005,2.0,"69,670"
49007,3.5,"50,503"
49009,4.5,"57,400"
49011,2.2,"93,260"
49013,3.2,"63,327"
49015,3.3,"62,257"
49017,5.9,"56,943"
49019,3.2,"52,645"
49021,2.4,"61,421"
49023,2.0,"77,036"
49025,2.5,"62,311"
49027,2.3,"68,131"
49029,2.0,"111,472"
49031,4.1,"50,768"
49033,2.5,"70,815"
49035,2.3,"80,676"
49037,4.4,"48,071"
49039,2.7,"62,098"
49041,2.8,"68,303"
49043,2.1,"124,354"
49045,2.5,"90,591"
49047,3.6,"64,105"
49049,2.1,"86,597"
49051,2.3,"102,206"
49053,2.5,"63,639"
49055,4.4,"57,768"
49057,2.5,"72,348"
50000,2.6,"72,415"
50001,2.4,"79,756"
50003,3.2,"65,185"
50005,3.1,"59,762"
50007,2.1,"84,290"
50009,4.0,"50,840"
50011,2.6,"69,583"
50013,3.3,"80,693"
50015,3.4,"64,083"
50017,2.6,"71,487"
50019,4.4,"54,346"
50021,3.3,"59,916"
50023,2.4,"75,692"
50025,2.9,"64,381"
50027,2.2,"65,086"
51000,2.9,"80,926"
51001,3.3,"50,949"
51003,2.7,"91,849"
51005,3.3,"49,197"
51007,2.9,"62,884"
51009,3.1,"57,294"
51011,3.2,"58,860"
51013,2.1,"124,474"
51015,2.6,"69,243"
51017,2.5,"56,200"
51019,2.9,"66,026"
51021,2.9,"50,492"
51023,2.6,"74,081"
51025,4.6,"47,401"
51027,4.7,"38,087"
51029,3.9,"54,263"
51031,3.1,"53,059"
51033,3.2,"73,390"
51035,3.5,"45,956"
51036,3.1,"63,299"
51037,3.0,"48,382"
51041,2.8,"86,101"
51043,2.5,"91,603"
51045,3.0,"57,299"
51047,2.8,"82,220"
51049,3.4,"52,200"
51051,4.4,"39,722"
51053,3.3,"66,397"
51057,3.4,"59,012"
51059,2.5,"133,845"
51061,2.6,"106,714"
51063,2.5,"54,765"
51065,2.6,"77,226"
51067,2.9,"60,062"
51069,2.4,"85,262"
51071,3.1,"55,018"
51073,2.7,"75,630"
51075,2.7,"104,379"
51077,2.6,"42,553"
51079,2.4,"76,941"
51081,3.8,"49,323"
51083,3.9,"46,244"
51085,2.4,"95,195"
51087,2.8,"78,888"
51089,3.4,"45,784"
51091,2.3,"48,972"
51093,2.8,"86,286"
51095,2.9,"92,270"
51097,2.6,"59,730"
51099,2.6,"98,668"
51101,2.7,"79,378"
51103,3.6,"58,578"
51105,3.8,"38,529"
51107,2.4,"153,716"
51109,2.7,"68,838"
51111,3.4,"44,852"
51113,2.2,"67,527"
51115,2.9,"69,978"
51117,3.6,"48,013"
51119,2.7,"62,710"
51121,2.8,"57,752"
51125,2.8,"61,224"
51127,2.4,"102,920"
51131,3.5,"51,059"
51133,4.0,"63,255"
51135,3.1,"46,442"
51137,3.0,"94,547"
51139,3.4,"53,449"
51141,3.6,"46,963"
51143,3.1,"52,006"
51145,2.5,"99,854"
51147,3.9,"51,239"
51149,3.4,"79,710"
51153,2.7,"116,354"
51155,3.1,"53,111"
51157,2.5,"80,098"
51159,2.9,"53,959"
51161,2.6,"73,438"
51163,2.9,"59,252"
51165,2.6,"72,392"
51167,3.6,"45,254"
51169,3.2,"42,894"
51171,2.8,"65,308"
51173,3.2,"42,303"
51175,2.8,"57,965"
51177,2.9,"100,162"
51179,2.9,"116,569"
51181,3.0,"61,358"
51183,4.2,"54,282"
51185,4.2,"40,728"
51187,2.9,"73,546"
51191,2.9,"54,223"
51193,3.2,"59,959"
51195,4.1,"41,994"
51197,3.1,"51,206"
51199,2.8,"97,500"
51510,2.4,"100,877"
51520,3.4,"41,272"
51530,3.1,"47,144"
51540,2.6,"61,255"
51550,2.9,"87,057"
51570,3.2,"59,455"
51580,4.1,"43,075"
51590,4.6,"37,652"
51595,4.7,"41,610"
51600,2.4,"107,334"
51610,2.2,"142,430"
51620,4.1,"46,460"
51630,3.4,"77,437"
51640,3.1,"42,023"
51650,3.8,"57,662"
51660,3.4,"50,250"
51670,4.4,"47,263"
51678,4.1,"53,400"
51680,3.9,"52,127"
51683,2.6,"100,530"
51685,2.5,"87,255"
51690,4.6,"38,571"
51700,3.6,"58,303"
51710,3.5,"56,951"
51720,3.8,"38,316"
51730,5.6,"40,682"
51735,2.5,"105,525"
51740,3.9,"53,618"
51750,3.5,"48,898"
51760,3.4,"52,011"
51770,3.2,"47,545"
51775,2.9,"60,740"
51790,2.7,"54,508"
51800,3.1,"78,090"
51810,2.8,"81,364"
51820,3.0,"54,106"
51830,4.1,"61,750"
51840,2.7,"55,908"
53000,4.2,"84,155"
53001,5.1,"57,405"
53003,3.9,"56,438"
53005,5.0,"77,339"
53007,4.8,"64,700"
53009,6.0,"62,623"
53011,4.7,"83,790"
53013,5.5,"59,650"
53015,5.7,"70,104"
53017,5.3,"64,932"
53019,9.6,"50,565"
53021,6.2,"79,532"
53023,7.0,"61,268"
53025,6.0,"61,815"
53027,6.7,"55,018"
53029,4.9,"76,729"
53031,5.6,"61,548"
53033,2.9,"110,351"
53035,4.5,"86,826"
53037,5.8,"62,721"
53039,5.8,"61,542"
53041,6.0,"63,828"
53043,5.4,"64,692"
53045,6.3,"73,696"
53047,6.4,"55,233"
53049,6.8,"58,715"
53051,6.9,"55,060"
53053,5.1,"85,492"
53055,3.9,"71,678"
53057,5.3,"72,831"
53059,5.3,"75,158"
53061,3.2,"99,650"
53063,4.8,"65,571"
53065,6.7,"60,180"
53067,4.7,"81,544"
53069,6.8,"64,777"
53071,4.6,"63,631"
53073,4.9,"71,739"
53075,4.7,"53,140"
53077,6.4,"60,058"
54000,3.9,"51,122"
54001,4.4,"43,545"
54003,2.9,"70,893"
54005,4.5,"41,227"
54007,6.1,"41,587"
54009,4.5,"52,217"
54011,3.5,"46,923"
54013,8.2,"38,835"
54015,6.0,"38,261"
54017,3.1,"48,473"
54019,4.7,"40,478"
54021,5.2,"40,450"
54023,3.7,"47,357"
54025,3.8,"41,958"
54027,2.6,"52,186"
54029,4.9,"52,301"
54031,4.0,"51,591"
54033,3.6,"52,026"
54035,4.3,"58,606"
54037,2.5,"85,277"
54039,3.8,"55,069"
54041,4.7,"47,275"
54043,5.0,"41,452"
54045,4.3,"40,394"
54047,6.3,"28,720"
54049,4.3,"51,252"
54051,5.0,"51,385"
54053,4.3,"44,360"
54055,4.5,"45,679"
54057,3.8,"54,960"
54059,5.6,"33,416"
54061,3.4,"56,706"
54063,3.4,"47,344"
54065,2.8,"58,460"
54067,4.6,"47,186"
54069,4.0,"53,560"
54071,2.6,"48,035"
54073,5.3,"53,712"
54075,4.0,"40,260"
54077,4.0,"57,174"
54079,3.3,"66,946"
54081,3.7,"42,525"
54083,4.7,"44,451"
54085,4.2,"47,873"
54087,6.3,"41,202"
54089,3.7,"40,704"
54091,3.8,"51,580"
54093,3.8,"49,097"
54095,5.9,"51,594"
54097,4.8,"49,704"
54099,4.0,"49,227"
54101,4.6,"36,919"
54103,5.6,"50,110"
54105,5.9,"50,160"
54107,4.1,"53,435"
54109,4.3,"37,522"
55000,2.9,"67,150"
55001,4.8,"53,592"
55003,3.9,"54,799"
55005,3.3,"60,371"
55007,4.8,"63,136"
55009,2.6,"67,232"
55011,3.8,"61,382"
55013,4.6,"56,874"
55015,2.3,"78,666"
55017,3.3,"62,306"
55019,2.6,"59,258"
55021,2.6,"74,842"
55023,3.8,"57,130"
55025,2.2,"77,653"
55027,2.6,"67,743"
55029,3.1,"64,818"
55031,4.1,"58,412"
55033,3.1,"64,065"
55035,2.5,"63,073"
55037,3.5,"62,243"
55039,2.6,"69,428"
55041,4.7,"52,275"
55043,2.7,"57,861"
55045,2.4,"73,386"
55047,3.3,"59,732"
55049,2.6,"73,294"
55051,5.1,"50,731"
55053,3.8,"59,478"
55055,2.7,"69,247"
55057,3.2,"57,000"
55059,3.3,"71,051"
55061,2.5,"71,861"
55063,2.5,"62,302"
55065,2.4,"66,719"
55067,3.6,"57,229"
55069,3.1,"62,064"
55071,2.8,"59,774"
55073,2.5,"74,050"
55075,3.8,"56,942"
55077,3.5,"60,020"
55078,5.5,"42,976"
55079,3.7,"56,417"
55081,2.7,"62,742"
55083,3.1,"68,480"
55085,3.3,"60,679"
55087,2.5,"73,882"
55089,2.5,"91,014"
55091,3.1,"66,179"
55093,3.3,"80,354"
55095,3.8,"68,732"
55097,2.9,"66,471"
55099,3.4,"56,249"
55101,3.5,"69,021"
55103,2.8,"59,120"
55105,3.4,"66,383"
55107,3.7,"51,585"
55109,3.1,"94,629"
55111,2.8,"70,254"
55113,4.0,"51,748"
55115,2.9,"62,669"
55117,2.4,"64,133"
55119,3.4,"59,473"
55121,3.1,"63,235"
55123,2.7,"60,041"
55125,3.9,"61,716"
55127,2.9,"70,688"
55129,3.7,"57,536"
55131,2.4,"85,266"
55133,2.5,"94,506"
55135,3.0,"63,216"
55137,3.4,"57,188"
55139,2.5,"64,640"
55141,3.3,"55,946"
56000,3.6,"66,508"
56001,3.1,"53,112"
56003,4.1,"58,697"
56005,3.6,"88,491"
56007,3.7,"63,984"
56009,3.1,"74,174"
56011,3.0,"63,270"
56013,4.0,"56,316"
56015,2.9,"53,428"
56017,2.9,"54,680"
56019,3.5,"57,275"
56021,3.5,"63,134"
56023,3.4,"75,872"
56025,4.0,"63,940"
56027,2.9,"50,733"
56029,3.6,"63,286"
56031,3.5,"59,634"
56033,3.3,"63,745"
56035,4.1,"76,703"
56037,4.2,"74,677"
56039,2.7,"102,709"
56041,3.8,"70,162"
56043,4.0,"62,176"
56045,2.7,"62,509"